CVE ID,Category,Date,Time Gap (Days)
CVE-2021-2357,,2021-07-21,0,
CVE-2021-2356,,2021-07-21,0,
CVE-2021-2354,,2021-07-21,0,
CVE-2021-2352,,2021-07-21,0,
CVE-2021-2340,DoS,2021-07-21,0,
CVE-2021-2339,,2021-07-21,0,
CVE-2021-2308,,2021-04-22,90,
CVE-2021-2307,,2021-04-22,0,
CVE-2021-2305,,2021-04-22,0,
CVE-2021-2304,,2021-04-22,0,
CVE-2021-2301,,2021-04-22,0,
CVE-2021-2300,,2021-04-22,0,
CVE-2021-2299,,2021-04-22,0,
CVE-2021-2298,,2021-04-22,0,
CVE-2021-2293,,2021-04-22,0,
CVE-2021-2278,,2021-04-22,0,
CVE-2021-2232,DoS,2021-04-22,0,
CVE-2021-2230,,2021-04-22,0,
CVE-2021-2226,,2021-04-22,0,
CVE-2021-2217,,2021-04-22,0,
CVE-2021-2215,,2021-04-22,0,
CVE-2021-2213,,2021-04-22,0,
CVE-2021-2212,,2021-04-22,0,
CVE-2021-2208,,2021-04-22,0,
CVE-2021-2203,,2021-04-22,0,
CVE-2021-2202,,2021-04-22,0,
CVE-2021-2201,,2021-04-22,0,
CVE-2021-2196,,2021-04-22,0,
CVE-2021-2194,,2021-04-22,0,
CVE-2021-2193,,2021-04-22,0,
CVE-2021-2180,,2021-04-22,0,
CVE-2021-2179,,2021-04-22,0,
CVE-2021-2178,,2021-04-22,0,
CVE-2021-2174,,2021-04-22,0,
CVE-2021-2172,,2021-04-22,0,
CVE-2021-2171,,2021-04-22,0,
CVE-2021-2170,,2021-04-22,0,
CVE-2021-2169,,2021-04-22,0,
CVE-2021-2166,,2021-04-22,0,
CVE-2021-2164,,2021-04-22,0,
CVE-2021-2162,,2021-04-22,0,
CVE-2021-2160,,2021-04-22,0,
CVE-2021-2154,,2021-04-22,0,
CVE-2021-2146,,2021-04-22,0,
CVE-2021-2144,,2021-04-22,0,
CVE-2021-2122,,2021-01-20,92,
CVE-2021-2088,,2021-01-20,0,
CVE-2021-2087,,2021-01-20,0,
CVE-2021-2081,,2021-01-20,0,
CVE-2021-2076,,2021-01-20,0,
CVE-2021-2072,,2021-01-20,0,
CVE-2021-2070,,2021-01-20,0,
CVE-2021-2065,,2021-01-20,0,
CVE-2021-2061,,2021-01-20,0,
CVE-2021-2060,,2021-01-20,0,
CVE-2021-2058,,2021-01-20,0,
CVE-2021-2056,,2021-01-20,0,
CVE-2021-2055,,2021-01-20,0,
CVE-2021-2048,,2021-01-20,0,
CVE-2021-2046,,2021-01-20,0,
CVE-2021-2042,,2021-01-20,0,
CVE-2021-2038,,2021-01-20,0,
CVE-2021-2036,,2021-01-20,0,
CVE-2021-2032,,2021-01-20,0,
CVE-2021-2031,,2021-01-20,0,
CVE-2021-2030,,2021-01-20,0,
CVE-2021-2028,,2021-01-20,0,
CVE-2021-2024,,2021-01-20,0,
CVE-2021-2022,,2021-01-20,0,
CVE-2021-2021,,2021-01-20,0,
CVE-2021-2020,,2021-01-20,0,
CVE-2021-2019,,2021-01-20,0,
CVE-2021-2016,,2021-01-20,0,
CVE-2021-2014,,2021-01-20,0,
CVE-2021-2012,,2021-01-20,0,
CVE-2021-2011,,2021-01-20,0,
CVE-2021-2010,DoS,2021-01-20,0,
CVE-2021-2009,,2021-01-20,0,
CVE-2021-2007,,2021-01-20,0,
CVE-2021-2006,,2021-01-20,0,
CVE-2021-2002,,2021-01-20,0,
CVE-2021-2001,,2021-01-20,0,
CVE-2021-1998,DoS,2021-01-20,0,
CVE-2020-15358,Overflow,2020-06-27,207,
CVE-2020-14893,,2020-10-21,116,
CVE-2020-14891,,2020-10-21,0,
CVE-2020-14888,,2020-10-21,0,
CVE-2020-14878,,2020-10-21,0,
CVE-2020-14873,,2020-10-21,0,
CVE-2020-14870,,2020-10-21,0,
CVE-2020-14869,,2020-10-21,0,
CVE-2020-14868,,2020-10-21,0,
CVE-2020-14867,,2020-10-21,0,
CVE-2020-14866,,2020-10-21,0,
CVE-2020-14861,,2020-10-21,0,
CVE-2020-14860,,2020-10-21,0,
CVE-2020-14852,,2020-10-21,0,
CVE-2020-14848,,2020-10-21,0,
CVE-2020-14846,,2020-10-21,0,
CVE-2020-14845,,2020-10-21,0,
CVE-2020-14844,,2020-10-21,0,
CVE-2020-14839,,2020-10-21,0,
CVE-2020-14838,,2020-10-21,0,
CVE-2020-14837,,2020-10-21,0,
CVE-2020-14836,,2020-10-21,0,
CVE-2020-14830,,2020-10-21,0,
CVE-2020-14829,,2020-10-21,0,
CVE-2020-14828,,2020-10-21,0,
CVE-2020-14827,,2020-10-21,0,
CVE-2020-14821,,2020-10-21,0,
CVE-2020-14814,,2020-10-21,0,
CVE-2020-14812,,2020-10-21,0,
CVE-2020-14809,,2020-10-21,0,
CVE-2020-14804,,2020-10-21,0,
CVE-2020-14800,,2020-10-21,0,
CVE-2020-14799,,2020-10-21,0,
CVE-2020-14794,,2020-10-21,0,
CVE-2020-14793,,2020-10-21,0,
CVE-2020-14791,DoS,2020-10-21,0,
CVE-2020-14790,,2020-10-21,0,
CVE-2020-14789,,2020-10-21,0,
CVE-2020-14786,,2020-10-21,0,
CVE-2020-14785,,2020-10-21,0,
CVE-2020-14777,,2020-10-21,0,
CVE-2020-14776,,2020-10-21,0,
CVE-2020-14775,,2020-10-21,0,
CVE-2020-14773,,2020-10-21,0,
CVE-2020-14771,DoS,2020-10-21,0,
CVE-2020-14769,,2020-10-21,0,
CVE-2020-14765,,2020-10-21,0,
CVE-2020-14760,,2020-10-21,0,
CVE-2020-14725,,2020-07-24,89,
CVE-2020-14702,,2020-07-15,9,
CVE-2020-14697,,2020-07-15,0,
CVE-2020-14680,,2020-07-15,0,
CVE-2020-14678,,2020-07-15,0,
CVE-2020-14672,,2020-10-21,98,
CVE-2020-14663,,2020-07-15,98,
CVE-2020-14656,,2020-07-15,0,
CVE-2020-14654,,2020-07-15,0,
CVE-2020-14651,,2020-07-15,0,
CVE-2020-14643,,2020-07-15,0,
CVE-2020-14641,+Info,2020-07-15,0,
CVE-2020-14634,+Info,2020-07-15,0,
CVE-2020-14633,,2020-07-15,0,
CVE-2020-14632,,2020-07-15,0,
CVE-2020-14631,,2020-07-15,0,
CVE-2020-14624,,2020-07-15,0,
CVE-2020-14623,,2020-07-15,0,
CVE-2020-14620,,2020-07-15,0,
CVE-2020-14619,,2020-07-15,0,
CVE-2020-14614,,2020-07-15,0,
CVE-2020-14597,,2020-07-15,0,
CVE-2020-14591,,2020-07-15,0,
CVE-2020-14586,,2020-07-15,0,
CVE-2020-14576,,2020-07-15,0,
CVE-2020-14575,,2020-07-15,0,
CVE-2020-14568,,2020-07-15,0,
CVE-2020-14567,,2020-07-15,0,
CVE-2020-14559,,2020-07-15,0,
CVE-2020-14553,,2020-07-15,0,
CVE-2020-14550,,2020-07-15,0,
CVE-2020-14547,,2020-07-15,0,
CVE-2020-14540,,2020-07-15,0,
CVE-2020-14539,,2020-07-15,0,
CVE-2020-11656,,2020-04-09,97,
CVE-2020-11655,DoS,2020-04-09,0,
CVE-2020-11080,DoS,2020-06-03,55,
CVE-2020-5398,,2020-01-17,138,
CVE-2020-5258,,2020-03-10,53,
CVE-2020-2930,,2020-04-15,36,
CVE-2020-2928,,2020-04-15,0,
CVE-2020-2926,,2020-04-15,0,
CVE-2020-2925,,2020-04-15,0,
CVE-2020-2924,,2020-04-15,0,
CVE-2020-2923,,2020-04-15,0,
CVE-2020-2922,+Info,2020-04-15,0,
CVE-2020-2921,,2020-04-15,0,
CVE-2020-2904,,2020-04-15,0,
CVE-2020-2903,,2020-04-15,0,
CVE-2020-2901,,2020-04-15,0,
CVE-2020-2898,,2020-04-15,0,
CVE-2020-2897,,2020-04-15,0,
CVE-2020-2896,,2020-04-15,0,
CVE-2020-2895,,2020-04-15,0,
CVE-2020-2893,,2020-04-15,0,
CVE-2020-2892,,2020-04-15,0,
CVE-2020-2853,,2020-04-15,0,
CVE-2020-2814,,2020-04-15,0,
CVE-2020-2812,,2020-04-15,0,
CVE-2020-2806,,2020-04-15,0,
CVE-2020-2804,,2020-04-15,0,
CVE-2020-2790,,2020-04-15,0,
CVE-2020-2780,,2020-04-15,0,
CVE-2020-2779,,2020-04-15,0,
CVE-2020-2774,,2020-04-15,0,
CVE-2020-2770,,2020-04-15,0,
CVE-2020-2768,,2020-04-15,0,
CVE-2020-2765,,2020-04-15,0,
CVE-2020-2763,,2020-04-15,0,
CVE-2020-2762,,2020-04-15,0,
CVE-2020-2761,,2020-04-15,0,
CVE-2020-2760,,2020-04-15,0,
CVE-2020-2759,,2020-04-15,0,
CVE-2020-2752,,2020-04-15,0,
CVE-2020-2694,,2020-01-15,91,
CVE-2020-2686,,2020-01-15,0,
CVE-2020-2679,,2020-01-15,0,
CVE-2020-2660,,2020-01-15,0,
CVE-2020-2627,,2020-01-15,0,
CVE-2020-2589,,2020-01-15,0,
CVE-2020-2588,,2020-01-15,0,
CVE-2020-2584,,2020-01-15,0,
CVE-2020-2580,,2020-01-15,0,
CVE-2020-2579,,2020-01-15,0,
CVE-2020-2577,,2020-01-15,0,
CVE-2020-2574,,2020-01-15,0,
CVE-2020-2573,,2020-01-15,0,
CVE-2020-2572,,2020-01-15,0,
CVE-2020-2570,,2020-01-15,0,
CVE-2020-1971,DoS,2020-12-08,328,
CVE-2020-1967,DoS,2020-04-21,231,
CVE-2019-16168,,2019-09-09,225,
CVE-2019-14540,,2019-09-15,6,
CVE-2019-3018,,2019-10-16,31,
CVE-2019-3011,,2019-10-16,0,
CVE-2019-3009,,2019-10-16,0,
CVE-2019-3004,,2019-10-16,0,
CVE-2019-3003,,2019-10-16,0,
CVE-2019-2998,,2019-10-16,0,
CVE-2019-2997,,2019-10-16,0,
CVE-2019-2993,,2019-10-16,0,
CVE-2019-2991,,2019-10-16,0,
CVE-2019-2982,,2019-10-16,0,
CVE-2019-2974,,2019-10-16,0,
CVE-2019-2969,,2019-10-16,0,
CVE-2019-2968,,2019-10-16,0,
CVE-2019-2967,,2019-10-16,0,
CVE-2019-2966,,2019-10-16,0,
CVE-2019-2963,,2019-10-16,0,
CVE-2019-2960,,2019-10-16,0,
CVE-2019-2957,,2019-10-16,0,
CVE-2019-2950,,2019-10-16,0,
CVE-2019-2948,,2019-10-16,0,
CVE-2019-2946,,2019-10-16,0,
CVE-2019-2938,,2019-10-16,0,
CVE-2019-2924,,2019-10-16,0,
CVE-2019-2923,,2019-10-16,0,
CVE-2019-2922,,2019-10-16,0,
CVE-2019-2920,DoS,2019-10-16,0,
CVE-2019-2914,,2019-10-16,0,
CVE-2019-2911,,2019-10-16,0,
CVE-2019-2910,,2019-10-16,0,
CVE-2019-2879,,2019-07-23,85,
CVE-2019-2834,,2019-07-23,0,
CVE-2019-2830,,2019-07-23,0,
CVE-2019-2826,,2019-07-23,0,
CVE-2019-2822,,2019-07-23,0,
CVE-2019-2819,,2019-07-23,0,
CVE-2019-2815,,2019-07-23,0,
CVE-2019-2814,,2019-07-23,0,
CVE-2019-2812,,2019-07-23,0,
CVE-2019-2811,,2019-07-23,0,
CVE-2019-2810,,2019-07-23,0,
CVE-2019-2808,,2019-07-23,0,
CVE-2019-2805,,2019-07-23,0,
CVE-2019-2803,,2019-07-23,0,
CVE-2019-2802,,2019-07-23,0,
CVE-2019-2801,,2019-07-23,0,
CVE-2019-2800,,2019-07-23,0,
CVE-2019-2798,,2019-07-23,0,
CVE-2019-2797,,2019-07-23,0,
CVE-2019-2796,,2019-07-23,0,
CVE-2019-2795,,2019-07-23,0,
CVE-2019-2791,,2019-07-23,0,
CVE-2019-2789,,2019-07-23,0,
CVE-2019-2785,,2019-07-23,0,
CVE-2019-2784,,2019-07-23,0,
CVE-2019-2780,,2019-07-23,0,
CVE-2019-2778,DoS,2019-07-23,0,
CVE-2019-2774,,2019-07-23,0,
CVE-2019-2758,,2019-07-23,0,
CVE-2019-2757,,2019-07-23,0,
CVE-2019-2755,,2019-07-23,0,
CVE-2019-2752,,2019-07-23,0,
CVE-2019-2747,,2019-07-23,0,
CVE-2019-2746,,2019-07-23,0,
CVE-2019-2743,,2019-07-23,0,
CVE-2019-2741,,2019-07-23,0,
CVE-2019-2740,,2019-07-23,0,
CVE-2019-2739,,2019-07-23,0,
CVE-2019-2738,,2019-07-23,0,
CVE-2019-2737,,2019-07-23,0,
CVE-2019-2731,DoS,2019-07-23,0,
CVE-2019-2730,,2019-07-23,0,
CVE-2019-2695,,2019-04-23,91,
CVE-2019-2694,,2019-04-23,0,
CVE-2019-2693,,2019-04-23,0,
CVE-2019-2691,,2019-04-23,0,
CVE-2019-2689,,2019-04-23,0,
CVE-2019-2688,,2019-04-23,0,
CVE-2019-2687,,2019-04-23,0,
CVE-2019-2686,,2019-04-23,0,
CVE-2019-2685,,2019-04-23,0,
CVE-2019-2683,,2019-04-23,0,
CVE-2019-2681,,2019-04-23,0,
CVE-2019-2644,,2019-04-23,0,
CVE-2019-2636,,2019-04-23,0,
CVE-2019-2635,,2019-04-23,0,
CVE-2019-2634,,2019-04-23,0,
CVE-2019-2632,,2019-04-23,0,
CVE-2019-2631,,2019-04-23,0,
CVE-2019-2630,,2019-04-23,0,
CVE-2019-2628,,2019-04-23,0,
CVE-2019-2627,,2019-04-23,0,
CVE-2019-2626,,2019-04-23,0,
CVE-2019-2625,,2019-04-23,0,
CVE-2019-2624,,2019-04-23,0,
CVE-2019-2623,,2019-04-23,0,
CVE-2019-2620,,2019-04-23,0,
CVE-2019-2617,,2019-04-23,0,
CVE-2019-2614,,2019-04-23,0,
CVE-2019-2607,,2019-04-23,0,
CVE-2019-2606,,2019-04-23,0,
CVE-2019-2596,,2019-04-23,0,
CVE-2019-2593,,2019-04-23,0,
CVE-2019-2592,,2019-04-23,0,
CVE-2019-2589,,2019-04-23,0,
CVE-2019-2587,,2019-04-23,0,
CVE-2019-2585,,2019-04-23,0,
CVE-2019-2584,,2019-04-23,0,
CVE-2019-2581,,2019-04-23,0,
CVE-2019-2580,,2019-04-23,0,
CVE-2019-2566,,2019-04-23,0,
CVE-2019-2539,,2019-01-16,97,
CVE-2019-2537,,2019-01-16,0,
CVE-2019-2536,,2019-01-16,0,
CVE-2019-2535,,2019-01-16,0,
CVE-2019-2534,,2019-01-16,0,
CVE-2019-2533,,2019-01-16,0,
CVE-2019-2532,,2019-01-16,0,
CVE-2019-2531,,2019-01-16,0,
CVE-2019-2530,,2019-01-16,0,
CVE-2019-2529,,2019-01-16,0,
CVE-2019-2528,,2019-01-16,0,
CVE-2019-2513,,2019-01-16,0,
CVE-2019-2510,,2019-01-16,0,
CVE-2019-2507,,2019-01-16,0,
CVE-2019-2503,,2019-01-16,0,
CVE-2019-2502,,2019-01-16,0,
CVE-2019-2495,,2019-01-16,0,
CVE-2019-2494,,2019-01-16,0,
CVE-2019-2486,,2019-01-16,0,
CVE-2019-2482,,2019-01-16,0,
CVE-2019-2481,,2019-01-16,0,
CVE-2019-2455,,2019-01-16,0,
CVE-2019-2436,,2019-01-16,0,
CVE-2019-2434,,2019-01-16,0,
CVE-2019-2420,,2019-01-16,0,
CVE-2018-3286,,2018-10-17,91,
CVE-2018-3285,,2018-10-17,0,
CVE-2018-3284,,2018-10-17,0,
CVE-2018-3283,,2018-10-17,0,
CVE-2018-3282,,2018-10-17,0,
CVE-2018-3280,,2018-10-17,0,
CVE-2018-3279,,2018-10-17,0,
CVE-2018-3278,,2018-10-17,0,
CVE-2018-3277,,2018-10-17,0,
CVE-2018-3276,,2018-10-17,0,
CVE-2018-3251,,2018-10-17,0,
CVE-2018-3247,,2018-10-17,0,
CVE-2018-3212,,2018-10-17,0,
CVE-2018-3203,,2018-10-17,0,
CVE-2018-3200,,2018-10-17,0,
CVE-2018-3195,,2018-10-17,0,
CVE-2018-3187,,2018-10-17,0,
CVE-2018-3186,,2018-10-17,0,
CVE-2018-3185,,2018-10-17,0,
CVE-2018-3182,,2018-10-17,0,
CVE-2018-3174,,2018-10-17,0,
CVE-2018-3173,,2018-10-17,0,
CVE-2018-3171,,2018-10-17,0,
CVE-2018-3170,,2018-10-17,0,
CVE-2018-3162,,2018-10-17,0,
CVE-2018-3161,,2018-10-17,0,
CVE-2018-3156,,2018-10-17,0,
CVE-2018-3155,,2018-10-17,0,
CVE-2018-3145,,2018-10-17,0,
CVE-2018-3144,,2018-10-17,0,
CVE-2018-3143,,2018-10-17,0,
CVE-2018-3137,,2018-10-17,0,
CVE-2018-3133,,2018-10-17,0,
CVE-2018-3123,,2019-04-23,188,
CVE-2018-3084,DoS,2018-07-18,279,
CVE-2018-3082,,2018-07-18,0,
CVE-2018-3081,,2018-07-18,0,
CVE-2018-3080,,2018-07-18,0,
CVE-2018-3079,,2018-07-18,0,
CVE-2018-3078,,2018-07-18,0,
CVE-2018-3077,,2018-07-18,0,
CVE-2018-3075,,2018-07-18,0,
CVE-2018-3074,,2018-07-18,0,
CVE-2018-3073,,2018-07-18,0,
CVE-2018-3071,,2018-07-18,0,
CVE-2018-3070,,2018-07-18,0,
CVE-2018-3067,,2018-07-18,0,
CVE-2018-3066,,2018-07-18,0,
CVE-2018-3065,,2018-07-18,0,
CVE-2018-3064,,2018-07-18,0,
CVE-2018-3063,,2018-07-18,0,
CVE-2018-3062,,2018-07-18,0,
CVE-2018-3061,,2018-07-18,0,
CVE-2018-3060,,2018-07-18,0,
CVE-2018-3058,,2018-07-18,0,
CVE-2018-3056,,2018-07-18,0,
CVE-2018-3054,,2018-07-18,0,
CVE-2018-2846,,2018-04-19,90,
CVE-2018-2839,,2018-04-19,0,
CVE-2018-2819,,2018-04-19,0,
CVE-2018-2818,,2018-04-19,0,
CVE-2018-2817,,2018-04-19,0,
CVE-2018-2816,,2018-04-19,0,
CVE-2018-2813,,2018-04-19,0,
CVE-2018-2812,,2018-04-19,0,
CVE-2018-2810,,2018-04-19,0,
CVE-2018-2805,,2018-04-19,0,
CVE-2018-2787,,2018-04-19,0,
CVE-2018-2786,,2018-04-19,0,
CVE-2018-2784,,2018-04-19,0,
CVE-2018-2782,,2018-04-19,0,
CVE-2018-2781,,2018-04-19,0,
CVE-2018-2780,,2018-04-19,0,
CVE-2018-2779,,2018-04-19,0,
CVE-2018-2778,,2018-04-19,0,
CVE-2018-2777,,2018-04-19,0,
CVE-2018-2776,,2018-04-19,0,
CVE-2018-2775,,2018-04-19,0,
CVE-2018-2773,,2018-04-19,0,
CVE-2018-2771,,2018-04-19,0,
CVE-2018-2769,,2018-04-19,0,
CVE-2018-2767,,2018-07-18,90,
CVE-2018-2766,,2018-04-19,90,
CVE-2018-2762,,2018-04-19,0,
CVE-2018-2761,,2018-04-19,0,
CVE-2018-2759,,2018-04-19,0,
CVE-2018-2758,,2018-04-19,0,
CVE-2018-2755,,2018-04-19,0,
CVE-2018-2703,,2018-01-18,91,
CVE-2018-2696,,2018-01-18,0,
CVE-2018-2668,,2018-01-18,0,
CVE-2018-2667,,2018-01-18,0,
CVE-2018-2665,,2018-01-18,0,
CVE-2018-2647,,2018-01-18,0,
CVE-2018-2646,,2018-01-18,0,
CVE-2018-2645,,2018-01-18,0,
CVE-2018-2640,,2018-01-18,0,
CVE-2018-2622,,2018-01-18,0,
CVE-2018-2612,,2018-01-18,0,
CVE-2018-2600,,2018-01-18,0,
CVE-2018-2591,,2018-01-18,0,
CVE-2018-2590,,2018-01-18,0,
CVE-2018-2586,,2018-01-18,0,
CVE-2018-2583,,2018-01-18,0,
CVE-2018-2576,,2018-01-18,0,
CVE-2018-2573,,2018-01-18,0,
CVE-2018-2565,,2018-01-18,0,
CVE-2018-2562,,2018-01-18,0,
CVE-2018-0735,,2018-10-29,284,
CVE-2017-10384,,2017-10-19,375,
CVE-2017-10379,+Info,2017-10-19,0,
CVE-2017-10378,,2017-10-19,0,
CVE-2017-10365,DoS,2017-10-19,0,
CVE-2017-10320,,2017-10-19,0,
CVE-2017-10314,,2017-10-19,0,
CVE-2017-10313,,2017-10-19,0,
CVE-2017-10311,,2017-10-19,0,
CVE-2017-10296,,2017-10-19,0,
CVE-2017-10294,,2017-10-19,0,
CVE-2017-10286,,2017-10-19,0,
CVE-2017-10284,,2017-10-19,0,
CVE-2017-10283,,2017-10-19,0,
CVE-2017-10279,,2017-10-19,0,
CVE-2017-10276,,2017-10-19,0,
CVE-2017-10268,+Info,2017-10-19,0,
CVE-2017-10227,,2017-10-19,0,
CVE-2017-10167,,2017-10-19,0,
CVE-2017-10165,,2017-10-19,0,
CVE-2017-10155,,2017-10-19,0,
CVE-2017-3653,,2017-08-08,72,
CVE-2017-3652,,2017-08-08,0,
CVE-2017-3651,,2017-08-08,0,
CVE-2017-3650,,2017-08-08,0,
CVE-2017-3649,,2017-08-08,0,
CVE-2017-3648,,2017-08-08,0,
CVE-2017-3647,,2017-08-08,0,
CVE-2017-3646,,2017-08-08,0,
CVE-2017-3645,,2017-08-08,0,
CVE-2017-3644,,2017-08-08,0,
CVE-2017-3643,,2017-08-08,0,
CVE-2017-3642,,2017-08-08,0,
CVE-2017-3641,,2017-08-08,0,
CVE-2017-3640,,2017-08-08,0,
CVE-2017-3639,,2017-08-08,0,
CVE-2017-3638,,2017-08-08,0,
CVE-2017-3637,,2017-08-08,0,
CVE-2017-3636,DoS,2017-08-08,0,
CVE-2017-3635,,2017-08-08,0,
CVE-2017-3634,,2017-08-08,0,
CVE-2017-3633,,2017-08-08,0,
CVE-2017-3600,,2017-04-24,106,
CVE-2017-3599,DoS Overflow,2017-04-24,0,
CVE-2017-3529,,2017-08-08,106,
CVE-2017-3468,,2017-04-24,106,
CVE-2017-3467,,2017-04-24,0,
CVE-2017-3465,,2017-04-24,0,
CVE-2017-3464,,2017-04-24,0,
CVE-2017-3463,,2017-04-24,0,
CVE-2017-3462,,2017-04-24,0,
CVE-2017-3461,,2017-04-24,0,
CVE-2017-3460,,2017-04-24,0,
CVE-2017-3459,,2017-04-24,0,
CVE-2017-3458,,2017-04-24,0,
CVE-2017-3457,,2017-04-24,0,
CVE-2017-3456,,2017-04-24,0,
CVE-2017-3455,,2017-04-24,0,
CVE-2017-3454,,2017-04-24,0,
CVE-2017-3453,,2017-04-24,0,
CVE-2017-3452,,2017-04-24,0,
CVE-2017-3450,,2017-04-24,0,
CVE-2017-3331,,2017-04-24,0,
CVE-2017-3329,,2017-04-24,0,
CVE-2017-3320,,2017-01-27,87,
CVE-2017-3319,+Info,2017-01-27,0,
CVE-2017-3318,,2017-01-27,0,
CVE-2017-3317,,2017-01-27,0,
CVE-2017-3313,+Info,2017-01-27,0,
CVE-2017-3312,,2017-01-27,0,
CVE-2017-3309,,2017-04-24,87,
CVE-2017-3308,,2017-04-24,0,
CVE-2017-3305,,2017-04-24,0,
CVE-2017-3302,,2017-02-12,71,
CVE-2017-3291,,2017-01-27,16,
CVE-2017-3273,,2017-01-27,0,
CVE-2017-3265,,2017-01-27,0,
CVE-2017-3258,,2017-01-27,0,
CVE-2017-3257,,2017-01-27,0,
CVE-2017-3256,,2017-01-27,0,
CVE-2017-3251,,2017-01-27,0,
CVE-2017-3244,,2017-01-27,0,
CVE-2017-3243,,2017-01-27,0,
CVE-2017-3238,,2017-01-27,0,
CVE-2016-8327,,2017-01-27,0,
CVE-2016-8318,,2017-01-27,0,
CVE-2016-8290,,2016-10-25,94,
CVE-2016-8289,,2016-10-25,0,
CVE-2016-8288,,2016-10-25,0,
CVE-2016-8287,,2016-10-25,0,
CVE-2016-8286,+Info,2016-10-25,0,
CVE-2016-8284,,2016-10-25,0,
CVE-2016-8283,,2016-10-25,0,
CVE-2016-7440,,2016-12-13,49,
CVE-2016-6664,+Priv,2016-12-13,0,
CVE-2016-6663,+Priv,2016-12-13,0,
CVE-2016-6662,Exec Code Bypass,2016-09-20,84,
CVE-2016-5635,,2016-10-25,35,
CVE-2016-5634,,2016-10-25,0,
CVE-2016-5633,,2016-10-25,0,
CVE-2016-5632,,2016-10-25,0,
CVE-2016-5631,,2016-10-25,0,
CVE-2016-5630,,2016-10-25,0,
CVE-2016-5629,,2016-10-25,0,
CVE-2016-5628,,2016-10-25,0,
CVE-2016-5627,,2016-10-25,0,
CVE-2016-5626,,2016-10-25,0,
CVE-2016-5625,,2016-10-25,0,
CVE-2016-5624,,2016-10-25,0,
CVE-2016-5612,,2016-10-25,0,
CVE-2016-5609,,2016-10-25,0,
CVE-2016-5584,+Info,2016-10-25,0,
CVE-2016-5507,,2016-10-25,0,
CVE-2016-5444,,2016-07-21,96,
CVE-2016-5443,,2016-07-21,0,
CVE-2016-5442,,2016-07-21,0,
CVE-2016-5441,,2016-07-21,0,
CVE-2016-5440,,2016-07-21,0,
CVE-2016-5439,,2016-07-21,0,
CVE-2016-5437,,2016-07-21,0,
CVE-2016-5436,,2016-07-21,0,
CVE-2016-3615,,2016-07-21,0,
CVE-2016-3614,,2016-07-21,0,
CVE-2016-3588,,2016-07-21,0,
CVE-2016-3521,,2016-07-21,0,
CVE-2016-3518,,2016-07-21,0,
CVE-2016-3501,,2016-07-21,0,
CVE-2016-3495,,2016-10-25,96,
CVE-2016-3492,,2016-10-25,0,
CVE-2016-3486,,2016-07-21,96,
CVE-2016-3477,,2016-07-21,0,
CVE-2016-3471,,2016-07-21,0,
CVE-2016-3459,,2016-07-21,0,
CVE-2016-3452,,2016-07-21,0,
CVE-2016-3440,,2016-07-21,0,
CVE-2016-3424,,2016-07-21,0,
CVE-2016-2105,DoS Overflow Mem. Corr.,2016-05-05,77,
CVE-2016-2047,,2016-01-27,99,
CVE-2016-0705,DoS Mem. Corr.,2016-03-03,36,
CVE-2016-0668,,2016-04-21,49,
CVE-2016-0667,,2016-04-21,0,
CVE-2016-0666,,2016-04-21,0,
CVE-2016-0665,,2016-04-21,0,
CVE-2016-0663,,2016-04-21,0,
CVE-2016-0662,,2016-04-21,0,
CVE-2016-0661,,2016-04-21,0,
CVE-2016-0659,,2016-04-21,0,
CVE-2016-0658,,2016-04-21,0,
CVE-2016-0657,,2016-04-21,0,
CVE-2016-0656,,2016-04-21,0,
CVE-2016-0655,,2016-04-21,0,
CVE-2016-0654,,2016-04-21,0,
CVE-2016-0653,,2016-04-21,0,
CVE-2016-0652,,2016-04-21,0,
CVE-2016-0651,,2016-04-21,0,
CVE-2016-0650,,2016-04-21,0,
CVE-2016-0649,,2016-04-21,0,
CVE-2016-0648,,2016-04-21,0,
CVE-2016-0647,,2016-04-21,0,
CVE-2016-0646,,2016-04-21,0,
CVE-2016-0644,,2016-04-21,0,
CVE-2016-0643,,2016-04-21,0,
CVE-2016-0642,,2016-04-21,0,
CVE-2016-0641,,2016-04-21,0,
CVE-2016-0640,,2016-04-21,0,
CVE-2016-0639,,2016-04-21,0,
CVE-2016-0616,,2016-01-21,91,
CVE-2016-0611,,2016-01-21,0,
CVE-2016-0610,,2016-01-21,0,
CVE-2016-0609,,2016-01-21,0,
CVE-2016-0608,,2016-01-21,0,
CVE-2016-0607,,2016-01-21,0,
CVE-2016-0606,,2016-01-21,0,
CVE-2016-0605,,2016-01-21,0,
CVE-2016-0601,,2016-01-21,0,
CVE-2016-0600,,2016-01-21,0,
CVE-2016-0599,,2016-01-21,0,
CVE-2016-0598,,2016-01-21,0,
CVE-2016-0597,,2016-01-21,0,
CVE-2016-0596,,2016-01-21,0,
CVE-2016-0595,,2016-01-21,0,
CVE-2016-0594,,2016-01-21,0,
CVE-2016-0546,Overflow,2016-01-21,0,
CVE-2016-0505,,2016-01-21,0,
CVE-2016-0504,,2016-01-21,0,
CVE-2016-0503,,2016-01-21,0,
CVE-2016-0502,,2016-01-21,0,
CVE-2015-4913,,2015-10-22,91,
CVE-2015-4910,,2015-10-22,0,
CVE-2015-4905,,2015-10-22,0,
CVE-2015-4904,,2015-10-22,0,
CVE-2015-4895,,2015-10-21,1,
CVE-2015-4890,,2015-10-21,0,
CVE-2015-4879,,2015-10-21,0,
CVE-2015-4870,,2015-10-21,0,
CVE-2015-4866,,2015-10-21,0,
CVE-2015-4864,,2015-10-21,0,
CVE-2015-4862,,2015-10-21,0,
CVE-2015-4861,,2015-10-21,0,
CVE-2015-4858,,2015-10-21,0,
CVE-2015-4836,,2015-10-21,0,
CVE-2015-4833,,2015-10-21,0,
CVE-2015-4830,,2015-10-21,0,
CVE-2015-4826,,2015-10-21,0,
CVE-2015-4819,,2015-10-21,0,
CVE-2015-4816,,2015-10-21,0,
CVE-2015-4815,,2015-10-21,0,
CVE-2015-4807,,2015-10-21,0,
CVE-2015-4802,,2015-10-21,0,
CVE-2015-4800,,2015-10-21,0,
CVE-2015-4792,,2015-10-21,0,
CVE-2015-4791,,2015-10-21,0,
CVE-2015-4772,,2015-07-16,97,
CVE-2015-4771,,2015-07-16,0,
CVE-2015-4769,,2015-07-16,0,
CVE-2015-4767,,2015-07-16,0,
CVE-2015-4766,,2015-10-21,97,
CVE-2015-4761,,2015-07-16,97,
CVE-2015-4757,,2015-07-16,0,
CVE-2015-4756,,2015-07-16,0,
CVE-2015-4752,,2015-07-16,0,
CVE-2015-4737,,2015-07-16,0,
CVE-2015-4730,,2015-10-21,97,
CVE-2015-3152,,2016-05-16,208,
CVE-2015-2661,,2015-07-16,305,
CVE-2015-2648,,2015-07-16,0,
CVE-2015-2643,,2015-07-16,0,
CVE-2015-2641,,2015-07-16,0,
CVE-2015-2639,,2015-07-16,0,
CVE-2015-2620,,2015-07-16,0,
CVE-2015-2617,,2015-07-16,0,
CVE-2015-2611,,2015-07-16,0,
CVE-2015-2582,,2015-07-16,0,
CVE-2015-2576,,2015-04-16,91,
CVE-2015-2573,,2015-04-16,0,
CVE-2015-2571,,2015-04-16,0,
CVE-2015-2568,,2015-04-16,0,
CVE-2015-2567,,2015-04-16,0,
CVE-2015-2566,,2015-04-16,0,
CVE-2015-0511,,2015-04-16,0,
CVE-2015-0508,,2015-04-16,0,
CVE-2015-0507,,2015-04-16,0,
CVE-2015-0506,,2015-04-16,0,
CVE-2015-0505,,2015-04-16,0,
CVE-2015-0503,,2015-04-16,0,
CVE-2015-0501,,2015-04-16,0,
CVE-2015-0500,,2015-04-16,0,
CVE-2015-0499,,2015-04-16,0,
CVE-2015-0498,,2015-04-16,0,
CVE-2015-0441,,2015-04-16,0,
CVE-2015-0439,,2015-04-16,0,
CVE-2015-0438,,2015-04-16,0,
CVE-2015-0433,,2015-04-16,0,
CVE-2015-0432,,2015-01-21,85,
CVE-2015-0423,,2015-04-16,85,
CVE-2015-0411,,2015-01-21,85,
CVE-2015-0409,,2015-01-21,0,
CVE-2015-0405,,2015-04-16,85,
CVE-2015-0391,,2015-01-21,85,
CVE-2015-0385,,2015-01-21,0,
CVE-2015-0382,,2015-01-21,0,
CVE-2015-0381,,2015-01-21,0,
CVE-2015-0374,,2015-01-21,0,
CVE-2014-6568,,2015-01-21,0,
CVE-2014-6564,,2014-10-15,98,
CVE-2014-6559,,2014-10-15,0,
CVE-2014-6555,,2014-10-15,0,
CVE-2014-6551,,2014-10-15,0,
CVE-2014-6530,,2014-10-15,0,
CVE-2014-6520,,2014-10-15,0,
CVE-2014-6507,,2014-10-15,0,
CVE-2014-6505,,2014-10-15,0,
CVE-2014-6500,,2014-10-15,0,
CVE-2014-6496,,2014-10-15,0,
CVE-2014-6495,,2014-10-15,0,
CVE-2014-6494,,2014-10-15,0,
CVE-2014-6491,,2014-10-15,0,
CVE-2014-6489,,2014-10-15,0,
CVE-2014-6484,,2014-10-15,0,
CVE-2014-6478,,2014-10-15,0,
CVE-2014-6474,,2014-10-15,0,
CVE-2014-6469,,2014-10-15,0,
CVE-2014-6464,,2014-10-15,0,
CVE-2014-6463,,2014-10-15,0,
CVE-2014-4287,,2014-10-15,0,
CVE-2014-4274,,2014-10-15,0,
CVE-2014-4260,,2014-07-17,90,
CVE-2014-4258,,2014-07-17,0,
CVE-2014-4243,,2014-07-17,0,
CVE-2014-4240,,2014-07-17,0,
CVE-2014-4238,,2014-07-17,0,
CVE-2014-4233,,2014-07-17,0,
CVE-2014-4214,,2014-07-17,0,
CVE-2014-4207,,2014-07-17,0,
CVE-2014-2494,,2014-07-17,0,
CVE-2014-2484,,2014-07-17,0,
CVE-2014-2451,,2014-04-16,92,
CVE-2014-2450,,2014-04-16,0,
CVE-2014-2444,,2014-04-16,0,
CVE-2014-2442,,2014-04-16,0,
CVE-2014-2440,,2014-04-16,0,
CVE-2014-2438,,2014-04-16,0,
CVE-2014-2436,,2014-04-16,0,
CVE-2014-2435,,2014-04-16,0,
CVE-2014-2434,,2014-04-16,0,
CVE-2014-2432,,2014-04-16,0,
CVE-2014-2431,,2014-04-16,0,
CVE-2014-2430,,2014-04-16,0,
CVE-2014-2419,,2014-04-16,0,
CVE-2014-0437,,2014-01-15,91,
CVE-2014-0433,,2014-01-15,0,
CVE-2014-0431,,2014-01-15,0,
CVE-2014-0430,,2014-01-15,0,
CVE-2014-0427,,2014-01-15,0,
CVE-2014-0420,,2014-01-15,0,
CVE-2014-0412,,2014-01-15,0,
CVE-2014-0402,,2014-01-15,0,
CVE-2014-0401,,2014-01-15,0,
CVE-2014-0393,,2014-01-15,0,
CVE-2014-0386,,2014-01-15,0,
CVE-2014-0384,,2014-04-16,91,
CVE-2014-0001,DoS Exec Code Overflow,2014-01-31,75,
CVE-2013-5908,,2014-01-15,16,
CVE-2013-5894,,2014-01-15,0,
CVE-2013-5891,,2014-01-15,0,
CVE-2013-5882,,2014-01-15,0,
CVE-2013-5881,,2014-01-15,0,
CVE-2013-5860,,2014-01-15,0,
CVE-2013-5807,,2013-10-16,91,
CVE-2013-5793,,2013-10-16,0,
CVE-2013-5786,,2013-10-16,0,
CVE-2013-5770,,2013-10-16,0,
CVE-2013-5767,,2013-10-16,0,
CVE-2013-3839,,2013-10-16,0,
CVE-2013-3812,,2013-07-17,91,
CVE-2013-3811,,2013-07-17,0,
CVE-2013-3810,,2013-07-17,0,
CVE-2013-3809,,2013-07-17,0,
CVE-2013-3808,,2013-07-17,0,
CVE-2013-3807,,2013-07-17,0,
CVE-2013-3806,,2013-07-17,0,
CVE-2013-3805,,2013-07-17,0,
CVE-2013-3804,,2013-07-17,0,
CVE-2013-3802,,2013-07-17,0,
CVE-2013-3801,,2013-07-17,0,
CVE-2013-3798,,2013-07-17,0,
CVE-2013-3796,,2013-07-17,0,
CVE-2013-3795,,2013-07-17,0,
CVE-2013-3794,,2013-07-17,0,
CVE-2013-3793,,2013-07-17,0,
CVE-2013-3783,,2013-07-17,0,
CVE-2013-2395,,2013-04-17,91,
CVE-2013-2392,,2013-04-17,0,
CVE-2013-2391,,2013-04-17,0,
CVE-2013-2389,,2013-04-17,0,
CVE-2013-2381,,2013-04-17,0,
CVE-2013-2378,,2013-04-17,0,
CVE-2013-2376,,2013-04-17,0,
CVE-2013-2375,,2013-04-17,0,
CVE-2013-1570,,2013-04-17,0,
CVE-2013-1567,,2013-04-17,0,
CVE-2013-1566,,2013-04-17,0,
CVE-2013-1555,,2013-04-17,0,
CVE-2013-1552,,2013-04-17,0,
CVE-2013-1548,,2013-04-17,0,
CVE-2013-1544,,2013-04-17,0,
CVE-2013-1532,,2013-04-17,0,
CVE-2013-1531,,2013-04-17,0,
CVE-2013-1526,,2013-04-17,0,
CVE-2013-1523,,2013-04-17,0,
CVE-2013-1521,,2013-04-17,0,
CVE-2013-1512,,2013-04-17,0,
CVE-2013-1511,,2013-04-17,0,
CVE-2013-1506,,2013-04-17,0,
CVE-2013-1502,,2013-04-17,0,
CVE-2013-1492,Overflow,2013-03-28,20,
CVE-2013-0389,,2013-01-17,70,
CVE-2013-0386,,2013-01-17,0,
CVE-2013-0385,,2013-01-17,0,
CVE-2013-0384,,2013-01-17,0,
CVE-2013-0383,,2013-01-17,0,
CVE-2013-0375,Sql,2013-01-17,0,
CVE-2013-0371,,2013-01-17,0,
CVE-2013-0368,,2013-01-17,0,
CVE-2013-0367,,2013-01-17,0,
CVE-2012-5615,+Info,2012-12-03,45,
CVE-2012-5614,DoS,2012-12-03,0,
CVE-2012-5383,+Priv,2012-10-11,53,
CVE-2012-5096,,2013-01-17,98,
CVE-2012-5060,,2013-01-17,0,
CVE-2012-4452,Bypass,2012-10-09,100,
CVE-2012-4414,Exec Code Sql,2013-01-22,105,
CVE-2012-3197,,2012-10-17,97,
CVE-2012-3180,,2012-10-17,0,
CVE-2012-3177,,2012-10-17,0,
CVE-2012-3173,,2012-10-17,0,
CVE-2012-3167,,2012-10-17,0,
CVE-2012-3166,,2012-10-17,0,
CVE-2012-3163,,2012-10-17,0,
CVE-2012-3160,,2012-10-16,1,
CVE-2012-3158,,2012-10-16,0,
CVE-2012-3156,,2012-10-16,0,
CVE-2012-3150,,2012-10-16,0,
CVE-2012-3149,,2012-10-16,0,
CVE-2012-3147,,2012-10-16,0,
CVE-2012-3144,,2012-10-16,0,
CVE-2012-2750,,2012-08-17,60,
CVE-2012-2749,DoS,2012-08-17,0,
CVE-2012-2122,Bypass,2012-06-26,52,
CVE-2012-2102,DoS Overflow,2012-08-17,52,
CVE-2012-1757,,2012-07-17,31,
CVE-2012-1756,,2012-07-17,0,
CVE-2012-1735,,2012-07-17,0,
CVE-2012-1734,,2012-07-17,0,
CVE-2012-1705,,2013-01-17,184,
CVE-2012-1703,,2012-05-03,259,
CVE-2012-1702,,2013-01-17,259,
CVE-2012-1697,,2012-05-03,259,
CVE-2012-1696,,2012-05-03,0,
CVE-2012-1690,,2012-05-03,0,
CVE-2012-1689,,2012-07-17,75,
CVE-2012-1688,,2012-05-03,75,
CVE-2012-0882,Exec Code Overflow,2012-12-21,232,
CVE-2012-0583,,2012-05-03,232,
CVE-2012-0578,,2013-01-17,259,
CVE-2012-0574,,2013-01-17,0,
CVE-2012-0572,,2013-01-17,0,
CVE-2012-0553,Overflow,2013-03-28,70,
CVE-2012-0540,,2012-07-17,254,
CVE-2012-0496,,2012-01-18,181,
CVE-2012-0495,,2012-01-18,0,
CVE-2012-0494,,2012-01-18,0,
CVE-2012-0493,,2012-01-18,0,
CVE-2012-0492,,2012-01-18,0,
CVE-2012-0491,,2012-01-18,0,
CVE-2012-0490,,2012-01-18,0,
CVE-2012-0489,,2012-01-18,0,
CVE-2012-0488,,2012-01-18,0,
CVE-2012-0487,,2012-01-18,0,
CVE-2012-0486,,2012-01-18,0,
CVE-2012-0485,,2012-01-18,0,
CVE-2012-0484,,2012-01-18,0,
CVE-2012-0120,,2012-01-18,0,
CVE-2012-0119,,2012-01-18,0,
CVE-2012-0118,,2012-01-18,0,
CVE-2012-0117,,2012-01-18,0,
CVE-2012-0116,,2012-01-18,0,
CVE-2012-0115,,2012-01-18,0,
CVE-2012-0114,,2012-01-18,0,
CVE-2012-0113,,2012-01-18,0,
CVE-2012-0112,,2012-01-18,0,
CVE-2012-0102,,2012-01-18,0,
CVE-2012-0101,,2012-01-18,0,
CVE-2012-0087,,2012-01-18,0,
CVE-2012-0075,,2012-01-18,0,
CVE-2011-2262,,2012-01-18,0,
CVE-2010-3840,DoS,2011-01-14,369,
CVE-2010-3839,DoS,2011-01-14,0,
CVE-2010-3838,DoS,2011-01-14,0,
CVE-2010-3837,DoS,2011-01-14,0,
CVE-2010-3836,DoS,2011-01-14,0,
CVE-2010-3835,DoS,2011-01-14,0,
CVE-2010-3834,DoS,2011-01-14,0,
CVE-2010-3833,DoS,2011-01-14,0,
CVE-2010-3683,DoS,2011-01-11,3,
CVE-2010-3682,DoS,2011-01-11,0,
CVE-2010-3681,DoS,2011-01-11,0,
CVE-2010-3680,DoS,2011-01-11,0,
CVE-2010-3679,DoS,2011-01-11,0,
CVE-2010-3678,DoS,2011-01-11,0,
CVE-2010-3677,DoS,2011-01-11,0,
CVE-2010-3676,DoS,2011-01-11,0,
CVE-2010-2008,DoS,2010-07-13,182,
CVE-2010-1850,Exec Code Overflow,2010-06-08,35,
CVE-2010-1849,DoS,2010-06-08,0,
CVE-2010-1848,Dir. Trav. Bypass,2010-06-08,0,
CVE-2010-1626,,2010-05-21,18,
CVE-2009-5026,Exec Code Sql,2012-08-17,819,
CVE-2009-4484,DoS Exec Code Overflow Mem. Corr.,2009-12-30,961,
CVE-2009-4030,Bypass,2009-11-30,30,
CVE-2009-4028,,2009-11-30,0,
CVE-2009-4019,DoS,2009-11-30,0,
CVE-2009-2446,DoS,2009-07-13,140,
CVE-2009-0819,DoS,2009-03-05,130,
CVE-2008-7247,Bypass,2009-11-30,270,
CVE-2008-4456,XSS,2008-10-06,420,
CVE-2008-4098,Bypass,2008-09-18,18,
CVE-2008-4097,Bypass,2008-09-18,0,
CVE-2008-3963,DoS,2008-09-11,7,
CVE-2008-2079,Bypass,2008-05-05,129,
CVE-2008-0226,Exec Code Overflow,2008-01-10,116,
CVE-2007-6304,DoS,2007-12-10,31,
CVE-2007-6303,+Priv,2007-12-10,0,
CVE-2007-5970,+Priv,2007-12-10,0,
CVE-2007-2693,+Info,2007-05-16,208,
CVE-2007-2692,+Priv,2007-05-16,0,
CVE-2007-2583,DoS,2007-05-10,6,
CVE-2007-1420,DoS,2007-03-12,59,
CVE-2006-4227,+Priv,2006-08-18,206,
CVE-2006-4226,,2006-08-18,0,
CVE-2006-4031,,2006-08-09,9,
CVE-2006-3486,DoS Overflow,2006-07-10,30,
CVE-2006-3469,DoS,2006-07-21,11,
CVE-2006-3081,DoS,2006-06-19,32,
CVE-2006-2753,Exec Code Sql,2006-06-01,18,
CVE-2006-1518,Exec Code Overflow,2006-05-05,27,
CVE-2006-1517,+Info,2006-05-05,0,
CVE-2006-1516,,2006-05-05,0,
CVE-2006-0903,Bypass,2006-02-27,67,
CVE-2006-0369,+Info,2006-01-22,36,
CVE-2005-2573,Dir. Trav.,2005-08-16,159,
CVE-2005-2572,DoS Exec Code,2005-08-16,0,
CVE-2005-2558,Exec Code Overflow,2005-08-16,0,
CVE-2005-1636,Exec Code,2005-05-17,91,
CVE-2005-0799,DoS,2005-03-15,63,
CVE-2005-0711,,2005-05-02,48,
CVE-2005-0710,Bypass,2005-05-02,0,
CVE-2005-0709,Exec Code,2005-05-02,0,
CVE-2005-0004,,2005-04-14,18,
CVE-2004-2149,DoS Overflow,2004-12-31,104,
CVE-2004-0957,,2005-02-09,40,
CVE-2004-0956,DoS,2005-01-10,30,
CVE-2004-0837,DoS,2004-11-03,68,
CVE-2004-0836,DoS Exec Code Overflow,2004-11-03,0,
CVE-2004-0835,,2004-11-03,0,
CVE-2004-0457,,2004-09-28,36,
CVE-2004-0388,,2004-06-01,119,
CVE-2004-0381,,2004-05-04,28,
CVE-2003-1480,,2003-12-31,125,
CVE-2003-1331,Exec Code Overflow,2003-12-31,0,
CVE-2003-0780,Exec Code Overflow,2003-09-22,100,
CVE-2003-0150,+Priv,2003-03-24,182,
CVE-2003-0073,DoS,2003-02-19,33,
CVE-2002-1923,,2002-12-31,50,
CVE-2002-1921,,2002-12-31,0,
CVE-2002-1809,,2002-12-31,0,
CVE-2002-1376,DoS Exec Code,2002-12-23,8,
CVE-2002-1375,Exec Code,2002-12-23,0,
CVE-2002-1374,+Priv,2002-12-23,0,
CVE-2002-1373,DoS,2002-12-23,0,
CVE-2002-0969,Exec Code Overflow,2002-10-11,73,
CVE-2001-1454,Exec Code Overflow,2001-02-09,609,
CVE-2001-1453,Exec Code Overflow,2001-02-09,0,
CVE-2001-1275,+Priv,2001-01-19,21,
CVE-2001-1274,DoS Overflow +Priv,2001-01-23,4,
CVE-2001-1255,,2001-10-02,252,
CVE-2001-0407,+Priv Dir. Trav.,2001-06-27,97,
CVE-2000-0981,+Info,2000-12-19,190,
CVE-2000-0148,Bypass,2000-02-08,315,
CVE-2000-0045,,2000-01-11,28,
CVE-1999-1188,,1998-12-27,380,
